0.092589,0.12412,0.13514,0.11144,0.036897,0.28564
0.014505,0.12599,0.084803,0.12099,0.22451,0.27733
0.025858,0.12229,0.01873,0.12218,0.028964,0.28369
0.11094,0.11903,0.01698,0.1187,-0.047379,0.2753
0.0055784,0.12375,0.043117,0.11528,0.014737,0.26759
-0.061741,0.12001,0.10168,0.11311,0.087773,0.25951
-0.082675,0.11898,-0.0040318,0.11707,-0.31861,0.25408
-0.03862,0.12007,0.12368,0.11352,-0.15583,0.27778
0.025562,0.11745,-0.034376,0.12081,-0.062257,0.27654
-0.11058,0.11433,-0.083749,0.11795,-0.012288,0.26928
0.041983,0.11947,0.097494,0.11923,0.046292,0.26113
0.02679,0.11706,0.092378,0.12209,-0.010766,0.25386
-0.041823,0.114,-0.021462,0.12408,-0.08255,0.24616
0.0034648,0.11181,-0.056321,0.12061,-0.10437,0.24097
-0.18458,0.10841,-0.20383,0.11912,-0.35198,0.23738
-0.026625,0.12876,-0.038149,0.14171,0.10236,0.27033
0.025267,0.12529,0.021488,0.13825,0.20063,0.26532
0.011481,0.1219,0.0027175,0.13432,-0.028287,0.26964
0.10552,0.11828,0.10588,0.13023,0.016974,0.26168
-0.10615,0.1223,-0.09584,0.13328,-0.13444,0.2538
-0.059374,0.12606,-0.045135,0.13486,-0.016578,0.25196
-0.0057799,0.12453,-0.017121,0.13201,-0.015054,0.24437
0.044186,0.12076,0.070984,0.12818,0.014906,0.23701
-0.0088423,0.11843,-0.0026007,0.12752,-0.033659,0.22986
-0.0078464,0.11488,-0.00081469,0.12364,-0.075117,0.22327
0.02382,0.11142,0.048015,0.11988,0.0015104,0.21858
0.029761,0.10845,0.11823,0.11782,0.13807,0.21192
-0.042454,0.10583,-0.052434,0.12377,-0.055552,0.21286
-0.11133,0.10402,-0.098798,0.12184,-0.15087,0.20759
0.011295,0.11038,0.043104,0.12466,0.020714,0.21024
-0.10846,0.10711,-0.075689,0.1221,-0.18867,0.20401
-0.037756,0.11267,-0.1241,0.12225,-0.084222,0.2119
0.038233,0.11029,0.051329,0.12864,0.043415,0.20822
-0.10299,0.10803,-0.14406,0.12642,-0.12471,0.20264
-0.17398,0.11266,-0.1789,0.13562,-0.16475,0.20279
0.10871,0.12979,0.12783,0.14995,0.11536,0.20751
-0.017262,0.13324,-0.046524,0.15423,-0.070012,0.20649
0.081154,0.12937,0.077173,0.15071,0.10652,0.20218
0.055464,0.12962,0.077678,0.14939,0.16994,0.20066
-0.013259,0.12764,-0.02689,0.14818,0.11499,0.20625
-0.058748,0.12387,-0.054644,0.14407,-0.064199,0.20526
0.093475,0.12241,0.064235,0.14141,0.073744,0.20068
-0.037467,0.12451,-0.027364,0.13952,-0.050855,0.19682
0.099161,0.12166,0.088595,0.13572,0.10541,0.19192
0.068362,0.12453,0.014421,0.13634,0.0045795,0.19086
0.0066176,0.12384,0.0076909,0.13231,-0.0077291,0.18506
0.082383,0.1201,0.031181,0.12832,0.057164,0.17945
-0.051792,0.12108,-0.052903,0.12504,-0.072724,0.1755
0.061874,0.11923,0.021357,0.12309,0.021159,0.17266
0.015768,0.11825,-0.052745,0.11965,-0.049216,0.16761
-0.064592,0.11483,-0.052036,0.11794,-0.070409,0.16371
-0.066261,0.11433,-0.044662,0.11625,-0.075248,0.16124
0.029166,0.11402,0.061251,0.11414,0.058829,0.15924
-0.048535,0.11117,-0.027777,0.11338,-0.045525,0.1562
-0.015232,0.10954,0.0050969,0.11049,-0.011502,0.15255
0.070116,0.10638,0.028594,0.10715,0.014073,0.14797
0.034035,0.10694,0.010243,0.10452,-0.010035,0.14358
-0.031029,0.10458,-0.026614,0.10142,-0.046147,0.13926
0.051827,0.10217,0.019685,0.098913,0.025932,0.13629
0.012288,0.10123,-0.017752,0.096227,-0.019803,0.13255
0.035732,0.098271,0.00043399,0.09357,-0.0025743,0.12876
0.0019911,0.096359,0.010967,0.090719,0.10225,0.12484
0.0052587,0.093427,-0.015106,0.088067,-0.047005,0.12786
-0.071017,0.090605,-0.043982,0.0856,-0.038768,0.1254
-0.078547,0.092388,-0.081738,0.084863,-0.057624,0.12258
-0.058958,0.094999,-0.066216,0.088624,-0.053461,0.12109
-0.0061348,0.095119,0.033934,0.089971,0.028533,0.11937
-0.05182,0.092255,-0.059384,0.088295,-0.064569,0.1163
0.077311,0.091849,0.051704,0.088886,0.04239,0.11572
-0.039775,0.094341,-0.033039,0.08866,-0.036856,0.11348
-0.0011164,0.09286,-0.012949,0.086984,-0.014254,0.11103
-0.10603,0.090033,-0.11742,0.084495,-0.11787,0.1078
0.0037477,0.097183,-0.0048744,0.094601,-0.0066225,0.1148
0.0045061,0.094235,-0.015892,0.09174,-0.011553,0.11133
-0.051868,0.091382,-0.084744,0.089175,-0.077506,0.10804
0.038021,0.091029,-0.025903,0.092956,0.032273,0.1093
0.048302,0.089576,0.033018,0.090727,0.12846,0.10677
0.032244,0.089001,0.00080613,0.088963,-0.053851,0.11573
0.0017722,0.087262,0.0081455,0.086254,-0.023007,0.11429
-0.022746,0.084607,-0.040008,0.08369,-0.0456,0.11119
0.017169,0.08254,-0.00015381,0.082726,-0.029972,0.10936
-0.024107,0.080323,-0.024728,0.080206,-0.0029725,0.10671
-0.020082,0.07848,-0.0040963,0.078398,0.00095079,0.10347
-0.03429,0.076518,-0.067734,0.076028,-0.068359,0.10032
-0.046929,0.075462,-0.0848,0.078602,-0.036604,0.10109
0.015385,0.075567,-0.008561,0.083516,0.00014707,0.099111
-0.10443,0.073527,-0.14519,0.081045,-0.12221,0.096091
-0.039159,0.082778,0.022232,0.09796,-0.0038117,0.10538
0.011975,0.081792,0.004581,0.095397,0.0054564,0.10218
-0.018716,0.079447,-0.043431,0.092509,-0.054698,0.099088
0.034405,0.077395,0.017801,0.091382,0.031667,0.098565
0.051223,0.076307,0.075892,0.088888,0.10845,0.09641
-0.084225,0.076807,-0.09123,0.091444,-0.10657,0.10318
-0.0062011,0.081835,0.0070414,0.095976,-0.01169,0.10887
-0.02605,0.079381,-0.034368,0.093095,-0.039852,0.10565
0.04057,0.077675,0.039786,0.091315,0.02372,0.10369
0.016137,0.077062,0.038675,0.089973,0.025361,0.10098
-0.036656,0.074997,-0.004961,0.088613,-0.01722,0.098436
0.0094124,0.074197,0.03868,0.085937,0.00015451,0.095689
0.019353,0.072037,0.038587,0.084764,0.092315,0.092774
0.12413,0.070276,0.13535,0.083639,0.15306,0.097335
0.00085016,0.084519,-0.00041804,0.097722,0.014762,0.11273
0.011369,0.081945,0.017588,0.094745,-0.0092941,0.10946
0.042037,0.079581,0.058523,0.092132,0.076632,0.10619
-0.033008,0.078994,-0.039426,0.092385,-0.028589,0.10749
-0.019621,0.077733,-0.016278,0.090968,-0.0096408,0.10485
0.032536,0.075779,0.042617,0.08844,0.076178,0.10173
0.015906,0.07463,0.07893,0.087448,0.11077,0.10329
0.064376,0.07264,0.080863,0.090552,0.15468,0.10964
0.0056084,0.075052,-0.016908,0.093644,-0.057162,0.12322
-0.010523,0.0728,0.026834,0.091046,-0.0035661,0.12167
0.014484,0.07071,0.032727,0.088932,0.0076283,0.11797
0.082353,0.068804,0.097226,0.087225,0.064196,0.11442
-0.091932,0.074504,-0.14037,0.0932,-0.15494,0.11391
0.048088,0.081177,0.074188,0.1066,0.062702,0.12686
-0.03224,0.081054,-0.024091,0.10759,-0.046253,0.12556
0.039429,0.079651,0.055091,0.10476,0.059527,0.12316
0.0075236,0.078842,0.0075815,0.10397,0.010335,0.12179
-0.019136,0.0765,-0.027904,0.10085,-0.040737,0.11815
-0.01324,0.074569,0.0054914,0.098418,0.0041314,0.11572
0.012739,0.072494,0.019895,0.095446,0.020803,0.11221
0.053537,0.070473,0.12616,0.092885,0.029106,0.10911
-0.0044332,0.07165,0.0077704,0.10341,0.012333,0.10644
0.016094,0.06949,0.038083,0.10031,0.010731,0.10332
-0.020843,0.067684,-0.029607,0.098455,-0.03792,0.10026
-0.029621,0.066158,-0.049926,0.096198,-0.045526,0.0984
-0.014853,0.065243,-0.0011523,0.095412,-0.022679,0.09715
0.0097371,0.063538,-0.00077332,0.092507,-0.014761,0.094633
-0.030623,0.061727,-0.033795,0.089689,-0.056166,0.091942
-0.068936,0.061105,-0.067824,0.088016,-0.10165,0.091969
0.0074824,0.065431,0.0094638,0.089604,0.017062,0.098124
0.02543,0.06351,0.066875,0.086958,0.067983,0.095382
-0.00081996,0.062421,-0.0040258,0.088509,-0.0065248,0.096448
-0.023964,0.060521,-0.030123,0.085828,-0.058802,0.093547
-0.016772,0.059466,-0.0025722,0.084094,0.021935,0.09374
-0.033352,0.058049,-0.049866,0.081539,-0.067742,0.091313
0.019168,0.057863,0.031765,0.081568,0.01927,0.092643
-0.00045945,0.056629,0.0031103,0.080112,-0.0052778,0.090156
0.031752,0.054904,0.026688,0.077682,0.034182,0.087435
-0.011134,0.054747,-0.02283,0.076079,-0.027005,0.085883
-0.045839,0.053269,-0.076477,0.074332,-0.054295,0.083974
-0.062068,0.054849,-0.1043,0.078379,-0.073876,0.084304
0.0038983,0.058765,0.03066,0.086837,0.052632,0.086987
-0.01423,0.056996,-0.025279,0.085093,-0.033786,0.086962
-0.016752,0.055556,0.00093018,0.083127,0.0027899,0.085404
0.0016762,0.054285,-0.025196,0.080595,-0.0079093,0.08281
-0.032025,0.052636,-0.10413,0.078797,-0.09589,0.080351
0.046091,0.052638,0.091336,0.087158,0.084906,0.086957
-0.0088809,0.054308,-0.010308,0.092168,0.0075821,0.090984
0.011765,0.052775,0.031755,0.089457,0.01117,0.088265
0.0062891,0.051386,0.0041428,0.08767,0.017383,0.085694
0.013435,0.049885,0.02008,0.085016,0.031715,0.083378
0.0099976,0.048668,0.043838,0.082822,0.042229,0.081842
-0.027016,0.047357,-0.041852,0.082218,-0.014678,0.081152
0.01575,0.047187,0.027147,0.081478,0.023297,0.078902
0.0026453,0.046187,-0.0035826,0.079749,-0.0032815,0.077072
0.0031646,0.044793,-0.0031956,0.077333,0.0049242,0.074736
-0.0069686,0.043447,-0.0068144,0.074988,-0.0055972,0.072486
-0.012264,0.042217,-0.005865,0.072756,-0.02187,0.070314
-0.10429,0.041228,-0.12665,0.070579,-0.11493,0.068739
0.017659,0.057995,0.012843,0.085359,0.026742,0.081152
-0.04813,0.056677,-0.07078,0.08292,-0.070523,0.079415
-0.035954,0.058272,-0.039722,0.085302,-0.051524,0.082071
0.049983,0.058324,0.084781,0.084238,0.04863,0.082234
-0.033322,0.060026,-0.05688,0.088527,-0.042952,0.082101
0.01439,0.059726,0.01744,0.088837,-0.0054509,0.081459
-0.0077996,0.058196,0.0016119,0.086417,-0.012358,0.079008
0.035601,0.056511,0.03619,0.083787,0.017414,0.076763
0.0052012,0.056636,0.036085,0.082533,0.022309,0.074755
0.00097588,0.05495,-0.0031445,0.081329,-0.018983,0.073033
-0.0069315,0.053278,-0.016737,0.078861,-0.0083999,0.07122
-0.10093,0.05173,-0.1241,0.076756,-0.093691,0.069133
0.012868,0.064567,0.018511,0.089656,0.0088671,0.076925
0.0017429,0.062815,-0.036151,0.087244,-0.02871,0.074668
0.012228,0.060905,0.0057474,0.085831,0.0091187,0.073311
-0.0252,0.059255,-0.061689,0.083248,-0.054937,0.071173
0.01036,0.05834,0.021924,0.084453,0.031025,0.072468
-0.042076,0.056717,-0.046265,0.082355,-0.047705,0.071363
0.051961,0.057543,0.031793,0.081993,0.010254,0.071809
0.029426,0.059588,0.04303,0.080521,0.028643,0.069744
-0.0028429,0.058977,-0.0027764,0.07997,-0.010537,0.068597
0.035136,0.057192,0.046128,0.077541,0.052285,0.066643
-0.012872,0.057228,-0.02374,0.077442,-0.001851,0.06796
0.010354,0.055727,0.0067052,0.07569,0.0098846,0.065894
0.0062841,0.05419,0.015066,0.073434,-0.017327,0.06401
0.005162,0.0526,-0.00084349,0.071455,-0.00515,0.062452
0.027115,0.05104,0.036555,0.069279,0.027432,0.060585
-0.012186,0.050677,-0.0051816,0.068764,-0.030362,0.05977
-0.0047545,0.049377,-0.025756,0.066702,-0.0073087,0.059226
-0.063027,0.047912,-0.092829,0.065498,-0.063608,0.057497
0.010179,0.05294,0.027459,0.073698,0.011597,0.061355
-0.026286,0.051491,-0.037522,0.072304,-0.033583,0.059669
0.0014823,0.051033,0.0091495,0.071713,0.0077268,0.059412
0.0060844,0.049482,0.0047327,0.069626,0.0012073,0.057686
0.01322,0.048037,0.031075,0.067532,0.014965,0.055931
0.058348,0.046877,0.066242,0.066661,0.080765,0.054561
0.082433,0.051169,0.041454,0.069924,0.044874,0.062107
0.0067711,0.059702,-0.041756,0.069821,-0.038711,0.06287
0.012951,0.057947,-0.022933,0.069753,-0.020682,0.062919
-0.015213,0.056424,-0.041124,0.068256,-0.063782,0.061569
0.0088213,0.055047,0.025711,0.06822,0.018653,0.06499
-0.00010781,0.053488,-0.0060276,0.066948,-0.013483,0.063456
0.038687,0.051859,-0.019339,0.064954,-0.009021,0.061763
0.088455,0.05264,0.061338,0.063455,0.027351,0.059991
-0.029255,0.062248,-0.014456,0.0663,0.004809,0.059198
-0.028491,0.061492,-0.018059,0.064544,-0.021785,0.057428
0.026487,0.060714,0.012058,0.062999,0.0082231,0.056366
0.0033185,0.059824,-0.0059109,0.061273,7.0539e-05,0.054749
0.0032064,0.058017,-0.00049917,0.059454,-0.00079605,0.053081
-0.004632,0.056264,-0.020751,0.057643,-0.016009,0.051465
-0.050138,0.054582,-0.052123,0.056509,-0.024696,0.050312
-0.020192,0.056644,-0.030706,0.058674,0.024124,0.049784
-0.007604,0.055517,-0.019502,0.058217,-0.035611,0.049236
-0.0177,0.053913,0.013579,0.056987,0.023696,0.049846
-0.055525,0.052755,-0.026676,0.055522,-0.027765,0.049262
0.0050534,0.055826,0.0079827,0.054893,0.011903,0.049053
-0.016645,0.054164,-0.0094424,0.053317,-0.046148,0.0478
-0.028996,0.05294,-0.067236,0.051833,-0.083246,0.049935
-0.068535,0.05264,-0.064086,0.05709,-0.13785,0.058897
0.040775,0.058028,0.024856,0.061077,0.043698,0.079658
-0.060164,0.05861,-0.089839,0.060058,-0.079013,0.079213
0.017792,0.061778,-0.036768,0.068562,-0.061671,0.083136
0.0042731,0.060324,-0.0079229,0.068104,-0.011323,0.084347
-0.0039809,0.058511,-0.10926,0.066106,-0.070959,0.081904
-0.015661,0.056752,-0.026753,0.077753,-0.011578,0.084399
0.017399,0.055383,0.012229,0.076151,0.027804,0.081961
0.0041461,0.054152,0.019923,0.073995,0.036321,0.08025
0.038083,0.052529,0.091764,0.072189,0.22623,0.079169
-0.024127,0.05319,-0.06516,0.079155,-0.11421,0.11916
0.012732,0.052478,0.016835,0.08111,0.050312,0.12436
-0.030833,0.051137,-0.092282,0.078931,-0.0745,0.12226
0.028169,0.051112,0.027431,0.085081,0.048581,0.12228
-0.017419,0.050838,-0.038332,0.083226,-0.046954,0.12016
0.024502,0.049786,0.021017,0.082155,0.024421,0.11803
0.027928,0.049268,0.020937,0.080101,-0.00031435,0.11485
0.0064125,0.049075,-0.011806,0.078118,0.0019029,0.11135
-0.0083042,0.04765,-0.016037,0.075887,-0.013663,0.10796
0.026102,0.046319,0.037116,0.073859,0.039743,0.10482
0.030278,0.046123,0.037441,0.073153,0.043373,0.10288
-0.006946,0.046352,-0.024538,0.072511,-0.020195,0.10127
-0.0098294,0.045027,-0.018162,0.070994,-0.027518,0.098517
0.0084691,0.043835,-0.0038829,0.069219,-0.00033394,0.096157
0.021879,0.042636,0.04267,0.067129,0.036279,0.093228
0.010987,0.042267,-0.0032897,0.067316,-0.015062,0.091562
-0.0017423,0.041218,-0.017518,0.065279,-0.019344,0.08898
0.013897,0.039968,-0.0123,0.063682,-0.012909,0.086621
-0.080418,0.039153,-0.20686,0.061941,-0.15652,0.084143
-0.039588,0.049908,-0.0091494,0.10273,0.065207,0.10311
-0.0095567,0.050949,-0.058181,0.099666,-0.037958,0.10337
-0.037992,0.049546,-0.092813,0.099432,-0.042412,0.10138
0.011955,0.050417,-0.0052017,0.1034,-0.0023404,0.099762
0.0045668,0.049118,0.00078679,0.10027,-0.030454,0.096728
-0.0013438,0.047657,-0.062892,0.097219,-0.02476,0.09458
0.0048291,0.046208,-0.0094193,0.097604,0.023894,0.09224
0.025724,0.044843,0.14224,0.094707,0.038125,0.089947
-0.00070608,0.044695,0.0018671,0.10824,-0.012278,0.088549
0.0046707,0.043334,0.052102,0.10494,0.017344,0.085994
-0.0039846,0.042056,-0.011202,0.10389,-0.0029902,0.083667
-0.036881,0.040807,-0.10867,0.10083,-0.032221,0.081127
0.014242,0.042262,0.059353,0.10711,0.16739,0.079719
0.0042663,0.041374,-2.8632e-05,0.10657,0.012943,0.10258
0.018754,0.040151,0.067321,0.10332,0.32201,0.099591
0.032487,0.039654,0.093422,0.10378,0.22148,0.16173
-0.0019277,0.040613,-0.025066,0.10743,0.016491,0.18041
-0.0016899,0.039384,0.015883,0.10464,-0.00019098,0.17504
-0.017319,0.03819,-0.065978,0.10166,-0.14287,0.16971
-0.022841,0.037678,-0.045733,0.10208,0.063113,0.17432
0.0074999,0.037672,-0.012239,0.10067,-0.020385,0.17091
0.027599,0.036649,0.05694,0.097731,0.04742,0.16591
-0.0048976,0.037232,-0.027023,0.097491,-0.0041999,0.16198
-0.0063672,0.036151,0.040676,0.095146,0.057865,0.15706
0.0035683,0.035144,0.0052231,0.093692,0.017946,0.15405
-0.0054392,0.034104,-0.008973,0.090862,-0.0088271,0.14953
-0.0050998,0.033137,-0.015666,0.088168,-0.10147,0.14502
-0.0081954,0.032193,-0.029899,0.085715,0.013966,0.14642
0.011331,0.031387,0.0078111,0.083973,-0.0029504,0.14207
0.0069383,0.030771,0.023935,0.081475,-0.014499,0.13775
-0.005173,0.029964,-0.010961,0.07958,-0.061471,0.13368
0.0022197,0.029126,0.0044279,0.077282,-0.012458,0.13196
0.0074356,0.028253,0.013774,0.074949,0.015872,0.12803
-0.0014426,0.027556,-0.0055683,0.072877,-0.020409,0.1243
-0.0086347,0.026723,-0.0097543,0.070692,-0.037086,0.12079
-0.051295,0.026141,-0.17513,0.068651,-0.18803,0.11806
0.0029272,0.032703,0.037433,0.097,0.089771,0.13726
0.0018168,0.031729,0.015705,0.095247,-0.00056564,0.13791
0.00078556,0.030771,-0.020863,0.092562,-0.037934,0.13371
0.047436,0.029835,0.069037,0.090135,0.10362,0.13053
-6.5214e-05,0.03467,0.0019818,0.091709,0.050006,0.13326
-0.0078657,0.033614,-0.014559,0.088918,-0.0043817,0.13077
-0.010402,0.032743,-0.018181,0.086409,-0.022621,0.12679
-0.0017462,0.032021,0.0018424,0.084096,-0.0077794,0.12327
0.0036713,0.031054,0.0083244,0.081538,0.01089,0.11956
-0.0010546,0.030144,-0.0014029,0.079125,-0.0053655,0.116
0.00074175,0.029229,-0.0053667,0.076716,-0.0078809,0.11248
-0.0017619,0.02834,0.00143,0.074411,0.019558,0.1091
0.003099,0.027486,-0.0023714,0.072146,-0.010489,0.10607
-0.0030141,0.026678,-0.0055735,0.069955,0.0017809,0.10293
-0.00023782,0.025894,0.0030046,0.067861,0.0026947,0.099795
0.00086914,0.025105,0.0043236,0.065805,-0.0064218,0.096761
0.00092702,0.024343,0.0056448,0.063824,0.013188,0.093849
-0.023991,0.023604,-0.040337,0.061921,-0.046234,0.091145
0.00025896,0.024843,0.0015654,0.062196,0.0073228,0.09031
-0.0026336,0.024086,-0.00088623,0.060304,0.008113,0.087608
0.0094791,0.023376,0.0075255,0.058468,0.016237,0.085002
0.0016701,0.022984,0.0088259,0.056768,0.0064807,0.082672
-0.0042637,0.022294,-0.0022404,0.055154,-0.0066014,0.080196
0.0023349,0.021683,0.035817,0.053481,0.015297,0.077798
0.0068039,0.021043,0.0077057,0.053822,0.072359,0.07568
0.0064204,0.020585,0.043797,0.052275,0.098825,0.078954
0.010643,0.020125,-0.005826,0.053667,-0.024657,0.086285
-0.011772,0.019978,-0.023065,0.052085,-0.082048,0.084244
-0.010608,0.019941,-0.010215,0.051346,0.014404,0.088114
0.003689,0.019801,0.011637,0.049952,0.011972,0.085627
0.00031977,0.019255,-0.0056291,0.048656,-0.0015504,0.083158
-0.0062586,0.018669,-0.0043722,0.047228,0.021997,0.080627
-0.0018506,0.018275,-0.017218,0.045824,-0.013732,0.078672
-0.10278,0.017734,-0.13119,0.044966,-0.072638,0.076476
-0.015865,0.044837,-0.0032634,0.068516,0.015346,0.079713
-0.012916,0.043938,-0.031628,0.066442,-0.021188,0.077531
-0.0038131,0.042916,-0.0067358,0.065666,0.041625,0.075653
0.012384,0.041637,0.017467,0.063724,0.037563,0.075241
-0.14356,0.040676,-0.17141,0.062182,-0.06538,0.074502
-0.090076,0.070007,-0.13498,0.091674,-0.095242,0.076886
0.033204,0.076967,0.047657,0.1042,0.029298,0.083841
-0.052694,0.075812,-0.075927,0.10283,-0.049387,0.082139
-0.0043223,0.076508,-0.027281,0.10429,-0.044763,0.082085
-0.11348,0.074197,-0.082838,0.10171,-0.082043,0.081602
0.032753,0.085237,0.025712,0.1041,-0.0020936,0.085744
-0.05929,0.083688,-0.072234,0.10146,-0.052341,0.083136
0.010945,0.084582,0.015343,0.10259,0.013169,0.083317
0.10822,0.082123,0.10703,0.099653,0.081017,0.080953
0.0050202,0.09078,-0.040804,0.1058,-0.028556,0.085004
-0.063081,0.088037,-0.037898,0.10389,-0.046118,0.083214
0.04797,0.089059,0.047153,0.10188,0.028426,0.082791
-0.017905,0.088482,-0.019119,0.10058,-0.014258,0.081081
-0.061196,0.08609,-0.066277,0.097823,-0.052702,0.078821
0.015989,0.087033,0.011766,0.09853,0.0099204,0.079315
-0.052639,0.084627,-0.072801,0.095646,-0.040526,0.077002
-0.064047,0.084745,-0.11044,0.097261,-0.084175,0.076421
-0.029152,0.086121,0.016574,0.10427,-0.02917,0.081486
0.016293,0.084319,-0.01224,0.10131,0.017307,0.079873
0.038965,0.082014,0.031849,0.09835,0.019661,0.077753
-0.031359,0.08105,-0.037005,0.096213,-0.031127,0.0758
-0.02254,0.07959,-0.030344,0.094466,-0.0080019,0.074553
0.018046,0.077698,0.018359,0.092401,0.019644,0.072353
-0.050969,0.075681,-0.045781,0.089891,-0.02403,0.070594
-0.021719,0.076195,-0.026119,0.089083,-0.038169,0.069125
-0.0017666,0.07439,0.0015706,0.087008,-0.010117,0.068761
0.0049548,0.072128,0.0096792,0.08436,0.0071313,0.066791
0.086254,0.069959,0.10955,0.081883,0.13168,0.06482
0.041485,0.076212,0.060949,0.090834,0.064002,0.082245
0.013408,0.075757,0.0015428,0.091426,0.0051103,0.083806
0.098677,0.073648,0.13768,0.088643,0.071914,0.081279
-0.059262,0.081726,-0.059568,0.10229,-0.053297,0.083961
0.029744,0.082756,0.064226,0.10204,0.010371,0.084188
-0.0037944,0.081125,0.11329,0.10226,0.024435,0.08173
0.019714,0.078669,0.069937,0.10914,0.09139,0.079849
-0.066684,0.076684,-0.077005,0.10951,-0.065856,0.085727
0.010898,0.079054,0.015447,0.11061,-0.0057375,0.087248
-0.053916,0.076771,-0.12324,0.10742,-0.10437,0.084622
0.07104,0.077538,0.16615,0.11538,0.099495,0.092192
-0.026733,0.08044,0.002694,0.13037,-0.025804,0.097961
0.011851,0.07873,0.013251,0.1264,0.0063217,0.095545
-0.032401,0.076481,-0.047524,0.12266,-0.046735,0.092669
0.026581,0.075291,0.054364,0.12046,0.033635,0.091798
0.025657,0.073779,0.096254,0.11883,0.028304,0.090027
-0.027422,0.072274,-0.038881,0.12156,-0.040848,0.088026
0.0054523,0.070938,0.035872,0.11889,-0.0096992,0.086917
-0.0032515,0.068812,0.0068123,0.11617,-0.0041347,0.08436
0.058447,0.066729,0.013451,0.11267,0.036264,0.081807
-0.012685,0.068849,-0.039088,0.10937,-0.011049,0.080649
0.0013902,0.066946,-0.0088698,0.1072,0.0026533,0.078319
0.001103,0.064909,0.0029451,0.104,0.015146,0.07594
-0.092459,0.062934,-0.15907,0.10083,-0.10881,0.073879
0.0022918,0.071489,-0.0084073,0.1169,0.00075726,0.08398
-0.0070937,0.069318,-0.012479,0.11339,-0.012404,0.081422
-0.030039,0.067267,-0.074716,0.11005,-0.033829,0.0791
0.042188,0.066331,0.099045,0.11086,0.04882,0.077892
-0.020549,0.066519,-0.056056,0.11465,-0.019933,0.078038
0.0066793,0.065022,0.012333,0.11343,0.0076788,0.076086
0.0064245,0.063098,0.0015759,0.11009,-0.0010561,0.073833
-0.0056498,0.061231,-0.022323,0.10674,-0.015532,0.071585
0.019152,0.059409,0.028583,0.10387,0.020523,0.069686
-0.034809,0.058114,-0.041353,0.10137,-0.030129,0.068067
-0.0069614,0.058063,-0.019584,0.099681,-0.0012057,0.067101
0.0079505,0.056364,0.013478,0.096966,-0.0040576,0.065058
-0.0054117,0.05474,-0.010965,0.094168,-0.0094311,0.063097
0.0043814,0.053118,-0.00076418,0.091406,0.0034885,0.061293
-0.00030542,0.05153,-0.0084243,0.088622,-0.0013643,0.059443
0.00074826,0.04996,0.00094815,0.08599,-0.009281,0.057634
-0.0051471,0.048439,-0.026827,0.083371,-0.01538,0.056003
-0.032186,0.047009,-0.061979,0.081551,-0.04825,0.05465
-0.0064561,0.047386,-0.009348,0.082916,-0.018155,0.056439
0.010979,0.046016,0.030858,0.080478,0.1014,0.055206
-0.0081766,0.044833,-0.0171,0.079011,-0.033072,0.067336
0.0086824,0.043592,0.0051127,0.076913,-0.0049115,0.066631
0.0094495,0.042408,0.025873,0.074598,0.007733,0.064631
-0.016334,0.041292,-0.026962,0.073073,-0.027918,0.062739
-0.0014038,0.040572,0.0030554,0.071675,-0.0071496,0.061859
0.0020802,0.03934,-0.0035127,0.069502,-0.0031997,0.060044
-0.015288,0.03815,-0.023774,0.0674,-0.028858,0.058229
-0.0041966,0.037498,-0.0036666,0.066045,0.00306,0.05764
0.075694,0.036395,0.13185,0.06405,0.066542,0.055898
0.0012056,0.046639,0.0013669,0.08172,-0.001281,0.060464
0.0051579,0.045221,0.044027,0.079232,-0.004427,0.058624
-0.01138,0.043892,-0.028511,0.07884,-0.023401,0.056866
0.0013963,0.042801,0.010447,0.077297,0.0080569,0.055934
-0.0058905,0.041501,-0.00015245,0.07506,-0.0029731,0.054327
-0.0041909,0.040307,-0.0095383,0.072773,-0.0078358,0.052686
0.001086,0.039116,0.0058334,0.070661,-0.00049696,0.051178
0.0024762,0.037926,0.0094541,0.068549,-0.0001856,0.04962
0.012062,0.036785,0.080544,0.066569,0.0055101,0.048108
0.063761,0.035994,0.089438,0.072241,0.058256,0.046695
0.007982,0.043333,-0.0051618,0.078766,0.0068182,0.050995
0.01327,0.042136,0.028541,0.076395,0.027755,0.049518
-0.011492,0.041201,-0.023157,0.074955,-0.035435,0.049295
0.012917,0.040213,0.020064,0.073268,0.0019061,0.04988
0.033631,0.039334,0.06305,0.071495,0.032747,0.048366
-0.083565,0.040471,-0.15605,0.073825,-0.09842,0.048714
0.018788,0.051703,0.028805,0.095268,0.085986,0.061669
-0.0073254,0.050697,-0.012473,0.093092,-0.027882,0.069102
-0.00085928,0.049241,-0.014323,0.090396,-0.020143,0.067932
0.00097018,0.047742,0.0045463,0.087832,0.0062784,0.066361
0.001244,0.046289,-0.0022155,0.085176,0.0070653,0.064389
0.001251,0.044882,-0.016528,0.082586,-0.006913,0.062493
-0.004471,0.043517,-0.014693,0.080346,-0.0081953,0.060653
-0.022506,0.04223,-0.034426,0.078123,-0.02403,0.058898
0.035214,0.041936,0.075702,0.077003,0.036598,0.057918
0.0019403,0.043063,0.0069915,0.080647,0.0016542,0.058058
0.00193,0.041758,-0.0054537,0.078241,-0.0071701,0.056293
-0.0026503,0.040493,-0.021288,0.075889,-0.014977,0.054654
0.015814,0.039274,0.020787,0.074076,0.011986,0.053332
-0.00296,0.038607,-0.0087845,0.072306,-0.0022937,0.051932
-0.011805,0.03745,-0.021617,0.070192,-0.0065431,0.050359
0.0010056,0.036619,0.004539,0.068609,-0.0027814,0.048896
-0.00062411,0.035506,-0.0088143,0.066544,0.012485,0.047419
0.0045082,0.034425,0.00336,0.064614,-0.0036456,0.046249
0.0092685,0.033426,0.029333,0.062661,0.0066783,0.044864
0.021928,0.032622,0.033609,0.061891,0.017045,0.043581
-0.0058204,0.032839,-0.016981,0.061514,-0.0089519,0.042807
0.0018065,0.031925,-0.0044811,0.060031,-0.00054169,0.04166
0.009547,0.030961,0.0081788,0.058231,0.0057828,0.040391
0.0039924,0.030263,0.0011889,0.056553,0.0010299,0.03923
-0.014328,0.029385,-0.029212,0.054832,-0.0218,0.038037
-0.0013308,0.029069,0.0039835,0.054449,-0.0037709,0.03791
0.0029425,0.028189,0.0076859,0.052814,0.0026222,0.036786
-0.00339,0.027356,-0.0091049,0.051299,-0.010838,0.035681
-0.014802,0.026557,-0.014381,0.049871,-0.016107,0.034869
0.0055385,0.02643,0.0031745,0.048698,0.0032999,0.034424
0.02527,0.025722,0.039997,0.047232,0.023984,0.033402
-0.0044038,0.026937,-0.01121,0.048546,-0.010355,0.033795
0.0071668,0.026176,0.021858,0.047283,-0.0042678,0.03303
0.0020196,0.025542,-0.0028444,0.046681,0.0087397,0.03207
-0.00030586,0.024778,-0.0040802,0.045273,-0.0045268,0.031292
0.012774,0.024023,0.0022321,0.043925,0.011312,0.030393
0.16004,0.023853,0.145,0.042596,0.11681,0.029818
0.018907,0.068504,-0.015383,0.071545,-0.026712,0.055234
-0.01015,0.066852,-0.021323,0.069642,-0.028816,0.054622
0.02287,0.064944,0.046133,0.068065,0.084421,0.054216
0.004583,0.063637,0.0026088,0.068559,-0.02066,0.062609
0.027116,0.061726,0.050436,0.066479,0.015264,0.06127
0.017328,0.060834,0.032288,0.067581,-0.0045175,0.059721
-0.016163,0.059393,-0.023259,0.066801,-0.024792,0.05793
0.022717,0.05795,0.0069198,0.065441,0.015137,0.057047
-0.050076,0.056926,-0.069101,0.063508,-0.069462,0.055644
0.0049343,0.058764,-0.004607,0.067575,-0.014112,0.060776
0.0013837,0.057008,-0.0013545,0.065543,-0.0009657,0.059198
0.013861,0.055274,0.020011,0.063549,0.0084846,0.057396
-0.019662,0.053881,-0.038038,0.062138,-0.024307,0.055753
0.032703,0.052836,0.036756,0.062164,0.019457,0.054934
0.0031234,0.052894,-0.0040211,0.062063,0.024855,0.053834
0.008805,0.051298,0.040287,0.060194,0.0047939,0.053146
0.0010237,0.049862,-0.00060768,0.060575,-0.015436,0.051564
0.0064038,0.048345,0.00024654,0.058731,-0.010376,0.050378
-0.0043849,0.046943,-0.021553,0.056941,-0.018519,0.049022
0.015837,0.045547,0.010693,0.055886,0.0045948,0.048111
0.031538,0.044618,-0.0024867,0.054354,-0.0084073,0.046682
-0.019479,0.045086,-0.033339,0.052708,-0.060653,0.045386
-0.047661,0.044412,-0.071008,0.052838,-0.043725,0.050334
0.013124,0.047147,0.012147,0.058676,0.031022,0.051883
-0.0020966,0.046015,0.013266,0.057098,-0.0059169,0.051832
0.0031929,0.044622,-0.0072205,0.055616,0.0023058,0.05031
-0.0071753,0.043281,-0.013396,0.054001,-0.010603,0.048786
0.019509,0.042062,0.043893,0.052633,0.050318,0.047492
0.009666,0.041531,-0.0083453,0.054007,-0.015566,0.050311
0.01881,0.040454,0.0080786,0.05247,-0.0047933,0.04918
0.046667,0.039947,0.035327,0.050975,0.016299,0.047721
0.010842,0.043053,-0.023652,0.051431,-0.011978,0.046731
-0.0060995,0.041969,-0.0035171,0.050767,-0.007283,0.045563
-0.0084733,0.040765,0.054774,0.049241,0.00015544,0.044273
0.014287,0.03967,-0.016672,0.052594,-0.0089857,0.042924
0.0259,0.03889,0.006747,0.051433,0.0034543,0.041773
0.031601,0.039123,-0.0038616,0.04994,-0.014105,0.040525
0.032555,0.040011,0.016618,0.048444,0.012994,0.039699
0.12176,0.040949,0.11531,0.047443,0.077346,0.038844
-0.032788,0.063109,-0.036579,0.065377,-0.045607,0.048882
0.11408,0.062596,0.049576,0.065076,0.048475,0.050831
0.022709,0.07613,0.098159,0.06618,0.22858,0.053011
0.026021,0.074376,0.12943,0.075373,0.10864,0.10547
-0.039813,0.072868,0.065979,0.089775,-0.082947,0.11123
-0.071081,0.072446,-0.079784,0.091009,-0.08322,0.1129
-0.009947,0.075854,-0.038341,0.093909,-0.035467,0.11448
0.11993,0.073652,0.10778,0.09235,0.11389,0.11191
-0.027126,0.086221,-0.036748,0.099511,-0.048304,0.1178
-0.0018795,0.084305,0.013219,0.097609,-0.0010055,0.11586
-0.036219,0.081741,-0.042081,0.094785,-0.054172,0.11233
0.025934,0.080583,0.0051634,0.093449,0.012053,0.11108
0.0133,0.078824,0.014207,0.090626,0.0087158,0.1078
0.0081263,0.07661,0.009077,0.088051,0.0064776,0.10458
0.074252,0.074348,0.059034,0.085447,0.053751,0.10142
0.015168,0.078045,0.021459,0.086191,0.061153,0.10069
-0.0097933,0.075914,-0.0040172,0.084011,0.028118,0.10069
-0.0069594,0.073707,-0.0085474,0.081468,-0.0063712,0.098273
-0.040057,0.071516,-0.051778,0.079061,-0.049237,0.095314
0.030194,0.071191,0.046784,0.079441,0.037588,0.094516
-0.0012236,0.070086,-0.010205,0.079294,-0.018388,0.092879
0.020679,0.067953,0.018052,0.076988,0.032451,0.090354
-0.063018,0.066407,-0.067418,0.074996,-0.043706,0.088572
-0.063001,0.06921,-0.045637,0.077619,-0.060755,0.087661
0.014996,0.071742,0.023393,0.077469,0.0051407,0.088445
-0.00028224,0.069819,0.0097612,0.075698,0.040888,0.085775
0.027977,0.067692,0.0058194,0.073497,0.0085206,0.084778
-0.011229,0.066591,-0.020909,0.071296,-0.025659,0.082267
-0.03402,0.06472,-0.052856,0.069636,-0.06033,0.080428
0.039812,0.064228,0.060081,0.070794,0.030841,0.081679
-0.009118,0.064304,-0.0070476,0.072781,-0.015518,0.08016
0.027145,0.062454,0.059706,0.07062,0.018842,0.077969
0.010389,0.061531,-0.018313,0.072572,-0.0021753,0.075974
0.054716,0.059803,0.030444,0.070747,0.012479,0.073664
0.016489,0.062031,0.018503,0.06968,0.01102,0.071597
0.017509,0.060507,0.00075761,0.067967,0.040813,0.069558
0.035588,0.059086,0.018868,0.065897,0.04698,0.069415
-0.025932,0.059053,-0.034483,0.06434,-0.044072,0.069911
0.020895,0.0582,0.01639,0.063909,0.018615,0.070069
0.026983,0.057051,0.0083649,0.062313,-0.016141,0.068347
0.062791,0.056372,0.081991,0.060508,0.030621,0.066583
0.053465,0.060226,0.0479,0.067327,0.068824,0.065723
0.014258,0.062238,-0.0050308,0.068069,-0.013728,0.069493
0.014244,0.060614,0.0084008,0.066026,0.00383,0.067603
0.068425,0.059047,0.024507,0.064104,-0.0039624,0.065561
0.098868,0.063541,0.056902,0.062931,-0.001663,0.063584
-0.15182,0.073362,-0.13486,0.065179,-0.13418,0.061651
0.10391,0.093812,0.05603,0.083341,0.044408,0.080595
-0.036772,0.10013,0.027985,0.083897,0.0048162,0.080162
-0.10038,0.098201,-0.096227,0.082119,-0.079886,0.077744
-0.021872,0.10344,0.01008,0.088555,0.026023,0.08196
0.02044,0.10068,-0.0069875,0.085953,-0.0165,0.080152
0.10197,0.097958,0.038692,0.083382,0.020596,0.077994
-0.064383,0.10348,-0.063248,0.082332,-0.049714,0.076072
-0.021356,0.10363,0.012137,0.083792,-0.025416,0.076426
0.020742,0.10084,-0.0015652,0.081387,0.02628,0.074802
0.021387,0.098122,0.061219,0.07891,0.020334,0.073292
0.070393,0.095522,0.0244,0.080384,0.011235,0.07153
0.023159,0.096858,-0.01405,0.078553,-0.018513,0.069498
-0.033751,0.09437,-0.063067,0.07637,-0.080242,0.067793
-0.067884,0.0925,-0.076278,0.078282,-0.096428,0.073248
0.039473,0.09376,0.027792,0.081883,0.040877,0.08095
-0.036509,0.092284,-0.024987,0.080175,-0.035311,0.080193
-0.10508,0.090674,-0.16892,0.078382,-0.080698,0.079041
0.060444,0.097574,0.0096116,0.10202,0.02858,0.083245
-0.13938,0.097686,-0.14285,0.098983,-0.060747,0.081526
0.022551,0.11011,0.059901,0.1119,0.045739,0.082745
0.09562,0.10714,0.068883,0.11115,0.039649,0.082314
-0.012808,0.11079,-0.023367,0.11128,-0.0079872,0.08139
0.022201,0.10754,0.034572,0.1083,0.03856,0.078976
-0.015729,0.10464,-0.015343,0.10592,-0.0057184,0.07813
-0.024449,0.10165,-0.036425,0.10288,-0.028171,0.075785
-0.043708,0.099049,-0.022458,0.10082,-0.038547,0.074348
-0.0090137,0.097633,0.020094,0.098164,0.019241,0.073737
0.010132,0.094728,0.011779,0.095517,-0.0036052,0.07191
-0.0041996,0.091933,5.2872e-05,0.092729,0.027323,0.069734
-0.040591,0.089148,-0.057253,0.089904,-0.041018,0.0685
0.0079013,0.087966,0.018053,0.090166,0.0056518,0.068439
-0.0035355,0.085346,0.00038583,0.087721,-0.0052332,0.066393
0.009231,0.082758,-0.0035347,0.085049,0.024836,0.064405
0.048575,0.080323,0.037898,0.08247,0.0076293,0.063239
0.030663,0.080298,-0.0038753,0.081403,-0.0094019,0.06139
0.011331,0.078826,0.00028978,0.078938,-0.017491,0.05964
0.028451,0.07656,0.020978,0.076534,0.01387,0.058251
0.013625,0.075108,0.00080593,0.074682,0.0096922,0.056752
0.073397,0.073027,0.05055,0.072408,0.01157,0.055162
-0.028132,0.07673,-0.035613,0.073097,-0.038556,0.053684
0.039612,0.075251,0.0016373,0.072308,0.0020632,0.054317
0.0020443,0.074683,-0.024364,0.070108,-0.013905,0.052669
-0.0086844,0.072413,-0.048467,0.068677,-0.034112,0.051371
-0.043847,0.070294,-0.018002,0.06939,0.0046237,0.051668
0.014823,0.070405,0.044278,0.067666,0.010635,0.050128
-0.012308,0.068521,-0.022486,0.067987,-0.0052903,0.04879
-0.043707,0.066618,-0.012281,0.066535,-0.012339,0.047351
-0.080638,0.066946,-0.11193,0.064698,-0.11906,0.046177
0.025522,0.072584,0.0101,0.077256,0.0058271,0.065616
0.0060711,0.07112,-0.016377,0.075013,-0.011051,0.06366
-0.01384,0.068997,0.0013343,0.073026,0.014213,0.061881
0.011087,0.067127,0.046333,0.070804,0.061748,0.060269
0.053653,0.065235,0.04326,0.07114,0.00241,0.063509
-0.014099,0.06684,-0.032663,0.071141,-0.026908,0.061582
-0.05984,0.065052,-0.050466,0.070218,-0.035221,0.060682
-0.00069013,0.067522,0.023486,0.07105,0.017435,0.06052
0.026966,0.065465,0.017477,0.069533,0.020461,0.059096
-0.024117,0.064394,-0.017703,0.067781,-0.01454,0.057886
-0.0021128,0.063184,-0.023523,0.066102,-0.0090853,0.056427
0.022654,0.061265,0.011108,0.064786,0.0025884,0.05483
-0.018031,0.060096,-0.0075056,0.062971,-0.0043301,0.05317
-0.043244,0.058716,-0.075445,0.061128,-0.046181,0.05158
-0.025356,0.059534,-0.025471,0.066606,-0.0015744,0.053358
0.0092079,0.058618,-0.0040305,0.065387,-0.0032225,0.051736
0.0033793,0.056953,0.021301,0.063416,0.011587,0.050177
0.013132,0.055235,-0.0048844,0.06208,-0.0044465,0.048872
0.058589,0.053813,0.038395,0.060221,0.010662,0.047417
0.026399,0.057265,0.0064384,0.060401,0.0088519,0.046173
-0.0027379,0.05653,-0.019728,0.058619,-0.012366,0.044908
-0.0017912,0.054819,-0.010141,0.057386,-0.013788,0.043824
-0.021238,0.053154,-0.024762,0.055788,-0.015751,0.042851
0.015712,0.05224,0.047717,0.055001,0.032543,0.042027
-0.0072504,0.051043,0.017202,0.056685,0.0091529,0.042804
-0.010233,0.049574,-0.0011369,0.055393,-0.013478,0.041664
-0.021418,0.048241,-0.0075487,0.053708,-0.0034386,0.040758
0.0061492,0.04756,-0.0059227,0.05216,-0.010551,0.039541
0.022514,0.046178,0.012735,0.050628,-0.0044835,0.038571
-0.0047741,0.045681,0.0005171,0.049353,0.0028999,0.03744
-0.00024114,0.044331,0.0379,0.04785,0.021738,0.036318
-0.00099836,0.042981,0.0089105,0.048841,0.0017636,0.036284
-0.0068772,0.041673,0.037864,0.047489,-0.0025872,0.035186
-0.0034625,0.040499,0.056682,0.048504,0.088198,0.03413
-0.0042099,0.03929,0.013259,0.052278,0.096145,0.048557
0.0066619,0.03813,0.045714,0.050966,-0.036793,0.060966
-0.0082916,0.037066,-0.014708,0.052735,-0.026709,0.060939
-0.016031,0.036092,-0.011689,0.05147,-0.017219,0.060055
0.0050449,0.035584,-0.018597,0.050124,-0.036994,0.058637
-0.034455,0.034559,-0.046561,0.049171,-0.037462,0.058772
-0.12099,0.036268,-0.18326,0.051232,-0.13296,0.058947
-0.015616,0.060108,0.016413,0.088987,0.046576,0.078332
-0.044332,0.058615,-0.024677,0.086529,-0.01084,0.078229
0.016234,0.05957,0.046775,0.08448,0.0009717,0.075972
-0.00071897,0.058125,-0.00079081,0.084047,-0.0059598,0.073659
-0.017337,0.056355,-0.023587,0.081487,-0.0048889,0.071455
0.023136,0.055083,0.053491,0.079574,0.05851,0.069306
0.0059395,0.054212,-0.014175,0.080104,-0.025196,0.07121
0.005947,0.052615,0.018825,0.077873,0.015798,0.069783
-0.015979,0.051068,-0.030972,0.075881,-0.022654,0.067956
-0.0065654,0.04993,0.010141,0.07462,0.024214,0.066515
-0.0066562,0.048481,-0.0035857,0.072462,-0.0018841,0.065222
-0.020242,0.04708,-0.018846,0.07027,0.016621,0.06324
0.031723,0.046369,0.045893,0.068551,0.067443,0.061678
-0.0020444,0.046738,0.0045991,0.068986,0.010012,0.065684
0.043629,0.045322,0.060083,0.066911,0.011313,0.06381
-0.0010786,0.047326,-0.0084873,0.069242,-0.034513,0.062034
-0.031315,0.045887,-0.048589,0.067219,-0.0035863,0.061731
0.0017768,0.046243,-0.0095931,0.068048,0.0076871,0.059868
-0.001867,0.04484,0.0068807,0.066089,0.016604,0.058126
0.0064305,0.043481,0.02648,0.064135,0.065349,0.056751
-0.020425,0.042236,-0.030162,0.06309,-0.02673,0.060998
-0.019424,0.041768,-0.030177,0.062363,-0.01417,0.060112
0.006982,0.041245,0.011382,0.061674,0.060244,0.05856
-0.01626,0.040087,-0.025066,0.059971,-0.024477,0.061747
0.0019237,0.039414,-0.004088,0.059014,-0.0067446,0.060673
0.028812,0.038221,0.015046,0.05724,0.0039407,0.058887
0.0026288,0.038833,-0.0035005,0.055827,-0.0040875,0.057115
-0.020282,0.037664,-0.015092,0.054144,-0.0046939,0.0554
-0.072312,0.03742,-0.059163,0.052846,-0.061757,0.053745
-0.0028229,0.046531,-0.0014434,0.056509,0.015736,0.057744
0.14476,0.045127,0.11275,0.054791,0.068261,0.056343
0.065284,0.072912,-0.0093411,0.069896,-0.015092,0.061159
0.032641,0.075425,0.024209,0.067871,0.014874,0.059607
-0.031433,0.074301,-0.0086094,0.066523,-0.0070459,0.058101
0.018363,0.073142,0.041184,0.064589,0.019898,0.056402
-0.023825,0.071299,-0.030135,0.064783,-0.018049,0.055269
-0.00066737,0.06979,-0.0039345,0.063972,-0.00066452,0.054076
0.0066649,0.067665,1.6171e-05,0.062043,-0.012618,0.052429
0.0068454,0.065658,-0.00024014,0.060153,0.012298,0.051086
-0.0096297,0.063718,-0.0081928,0.058321,-0.017028,0.049777
0.019012,0.061898,0.021315,0.056641,0.029353,0.048746
-0.0074737,0.060499,0.015701,0.055583,0.0043846,0.048718
0.0019625,0.058734,0.012023,0.054259,0.028893,0.047267
-0.010019,0.05695,-0.019061,0.052829,-0.058621,0.047282
-0.051214,0.055362,-0.020233,0.051792,-0.054381,0.051568
0.00098773,0.057505,0.0044266,0.050872,0.011642,0.054588
0.027081,0.055755,0.023758,0.049354,2.8551e-05,0.053132
-0.033432,0.055147,-0.02127,0.048799,-0.018434,0.051514
0.0065866,0.055137,0.0072719,0.048082,-0.0097461,0.050493
-0.0008397,0.053523,0.0075464,0.046709,0.002266,0.049112
-0.011437,0.051894,-0.012073,0.045388,-0.0097346,0.047625
-0.025129,0.050524,-0.029897,0.044273,-0.032846,0.04634
0.0068966,0.05002,0.01554,0.044583,0.0084942,0.046837
0.0031777,0.048576,0.0096122,0.043676,0.0051669,0.045539
-0.031824,0.047113,-0.024939,0.042522,-0.036863,0.044201
-0.01249,0.047443,-0.017341,0.042433,0.0033076,0.045355
-0.022039,0.046273,-0.0099516,0.04173,-0.020227,0.043994
-0.049087,0.045733,-0.084494,0.040657,-0.030693,0.043425
-0.046352,0.048551,-0.071853,0.052084,-0.051197,0.043881
0.013777,0.050641,0.020743,0.058207,0.019616,0.047281
-0.04845,0.049411,-0.071477,0.057049,-0.056632,0.046517
0.013839,0.05173,0.025177,0.062359,-0.020652,0.050543
0.010058,0.050464,0.016847,0.061305,0.015986,0.049705
0.042487,0.049094,0.026795,0.059823,0.01313,0.048619
-0.0091443,0.050583,-0.0084862,0.058997,-0.0022729,0.047434
0.039171,0.04918,0.023365,0.057302,0.024835,0.045998
-0.024998,0.050226,-0.017961,0.056348,-0.016392,0.045705
-0.019387,0.049726,-0.0089157,0.055109,-0.0050508,0.044803
-0.013875,0.04884,-0.014166,0.053551,-0.025858,0.043485
-0.00025171,0.047681,-0.0074255,0.052232,0.0013153,0.043429
-0.0093481,0.046229,-0.0082027,0.050729,-0.016148,0.042109
0.026705,0.044978,0.016901,0.049295,0.029961,0.041341
0.013163,0.044916,-0.00036556,0.048276,0.011493,0.04186
0.0012237,0.043869,-0.0028613,0.046805,0.012953,0.040848
0.0010724,0.042536,0.016642,0.045394,0.0086733,0.039946
-0.021844,0.041242,-0.020299,0.044519,-0.021862,0.038887
-0.016729,0.040943,-0.013299,0.043931,-0.0051139,0.038717
-0.008374,0.040264,-0.018347,0.042928,-0.010077,0.037594
0.0035555,0.039183,0.013803,0.042272,-0.0099297,0.036675
0.0036589,0.038016,-0.004538,0.041359,0.0040671,0.035782
-0.020149,0.036887,-0.014423,0.040141,-0.015517,0.03473
0.0038703,0.036674,0.0017187,0.03935,0.0057116,0.034248
-0.031217,0.03559,-0.068693,0.038157,-0.053443,0.033284
-0.043028,0.036727,-0.085997,0.046202,-0.12051,0.038794
0.091502,0.039604,0.082083,0.056631,0.065714,0.061417
-0.010216,0.053231,-0.028743,0.064097,-0.027687,0.065167
0.002215,0.051773,-0.0019744,0.063214,0.023293,0.064159
-0.0038387,0.050204,-0.0072715,0.061293,-0.006338,0.062908
0.043595,0.048699,0.032567,0.059498,0.014811,0.061045
-0.020981,0.050377,-0.028804,0.059159,-0.031117,0.059486
-0.0045096,0.049568,0.0034912,0.058519,0.0065511,0.059021
-0.006491,0.048092,-0.020424,0.056754,-0.007725,0.057283
-0.0049867,0.046701,-0.000739,0.055637,-0.0017055,0.055626
0.0070372,0.045322,0.0067308,0.053943,0.0037117,0.053935
0.0038201,0.044033,0.0086728,0.05237,0.011032,0.052314
0.014201,0.042719,0.048932,0.050894,0.019623,0.050914
-0.017622,0.041811,-0.015891,0.053137,-0.013164,0.049992
-0.013723,0.041155,-0.023053,0.051914,-0.0081577,0.048759
0.00091362,0.040282,0.0091482,0.051183,-0.0011775,0.047388
-0.030273,0.039057,-0.026273,0.04976,-0.024293,0.045946
0.050172,0.039783,0.051709,0.049392,0.028715,0.045609
0.008915,0.043547,0.0066681,0.052223,0.0043004,0.045708
8.9144e-05,0.042373,0.0088995,0.050703,0.0060632,0.04435
0.047161,0.041082,0.057235,0.049289,0.12472,0.043068
0.049527,0.044131,-0.0052817,0.053061,-0.03488,0.065334
-0.010322,0.047211,-0.016053,0.051488,-0.023129,0.064884
-0.025165,0.045961,-0.016265,0.050337,-0.019941,0.063594
0.035837,0.0457,0.035237,0.049241,0.035511,0.062178
-0.015924,0.046601,-0.0072269,0.049808,-0.0021454,0.061958
0.019096,0.045635,0.020408,0.048378,0.017695,0.060077
-0.0059131,0.044908,-0.011357,0.047619,-0.014085,0.058682
0.080597,0.043605,0.14033,0.046395,0.09876,0.057176
-0.0023537,0.053309,0.0016577,0.072251,-0.007665,0.068237
-0.0094947,0.051694,-0.011129,0.070053,-0.018728,0.06623
0.023255,0.050264,0.038128,0.068067,0.043666,0.064655
0.001541,0.049626,0.026497,0.067758,0.018712,0.065107
-0.026809,0.048118,-0.04906,0.066555,-0.032166,0.063572
-0.0055981,0.047886,0.00090194,0.067488,-0.0097637,0.062983
0.010142,0.046482,0.0153,0.065433,0.016452,0.061191
-0.007462,0.045251,-0.008302,0.063738,-0.0046913,0.059696
-0.032115,0.043975,-0.032402,0.061887,-0.043074,0.057908
0.0046189,0.044556,0.00075232,0.061405,-0.013639,0.058765
-0.0092293,0.043239,-0.010898,0.059535,-0.011789,0.05724
0.026997,0.042086,0.041256,0.057888,0.045491,0.055699
0.03576,0.042229,0.016837,0.058535,0.0023208,0.057028
0.049141,0.043404,0.031327,0.057156,0.030941,0.055298
-0.0044937,0.046506,-0.0075123,0.056834,-0.011632,0.055044
0.020437,0.045126,0.053608,0.055185,0.033013,0.053572
-0.016805,0.044519,-0.024835,0.057699,-0.018262,0.053616
0.0045185,0.043691,0.019316,0.056829,0.0092451,0.052501
-0.0051779,0.042399,0.026559,0.055645,0.037709,0.051038
-0.005456,0.04116,0.0065923,0.055001,0.015407,0.051763
-0.012185,0.039967,-0.0032416,0.053391,0.04673,0.050569
0.046028,0.039059,0.076176,0.051781,0.039176,0.052519
0.012033,0.042166,0.038936,0.058842,0.01696,0.053309
0.0067748,0.041168,0.047758,0.059167,-0.010436,0.052135
0.0070369,0.040007,0.001886,0.060506,-0.0073348,0.050721
0.02518,0.038892,0.024051,0.058668,0.018632,0.049265
-0.026043,0.039048,-0.022367,0.0577,-0.030106,0.04835
0.035052,0.039286,0.053688,0.056663,0.021873,0.048421
0.011475,0.040623,0.11806,0.059042,0.083027,0.047766
-0.010874,0.039656,0.010096,0.074428,0.070741,0.057129
0.009523,0.038696,0.058383,0.072275,0.024538,0.062292
-0.041854,0.037713,-0.071035,0.073916,-0.089243,0.061198
0.0045409,0.040266,-0.018428,0.077168,-0.037265,0.069378
-0.024898,0.039082,0.024585,0.075184,-0.029101,0.06892
0.045576,0.039197,0.056849,0.073564,0.038812,0.067842
-0.05145,0.042206,-0.081937,0.07491,-0.070613,0.067608
-0.0025893,0.045872,-0.0070098,0.079779,-0.018932,0.071456
0.0080815,0.044486,0.02923,0.0774,0.0092887,0.069698
-0.0024042,0.043254,-0.012384,0.075961,0.0034965,0.067678
0.026685,0.041947,0.042621,0.073816,0.024383,0.065632
-0.028032,0.042067,-0.031684,0.073598,-0.043684,0.064386
-0.032487,0.04232,-0.067853,0.072489,-0.065725,0.064859
-0.057408,0.043068,-0.093574,0.075411,-0.093244,0.068231
-0.004093,0.047734,0.0047438,0.082262,0.026777,0.076076
-0.012836,0.046309,3.136e-05,0.079778,-0.0034642,0.074543
-0.0084468,0.045196,-0.030956,0.077348,-0.021832,0.072286
-0.0043182,0.043951,-0.0040013,0.076022,-0.010204,0.070634
0.035251,0.042647,0.051616,0.073724,0.042355,0.068605
-0.0092748,0.043719,-0.026769,0.074442,-0.018456,0.068669
-0.0037097,0.042552,0.0001708,0.072975,0.00063552,0.066991
0.036285,0.041283,0.020937,0.070752,0.021312,0.064951
0.004811,0.042611,0.060328,0.069113,0.018633,0.063555
-0.02358,0.041359,-0.023568,0.07128,-0.029169,0.062075
-0.094304,0.041209,-0.1699,0.069758,-0.1361,0.06132
-0.023014,0.055136,0.0064433,0.096228,0.010945,0.080881
-0.0017577,0.054254,-0.0060538,0.093333,0.014494,0.078541
0.00021499,0.052606,-0.029821,0.090523,-0.019695,0.076372
-0.46473,0.051004,-0.55073,0.088584,-0.39897,0.074469
0.11269,0.19366,0.17027,0.23793,0.13208,0.17622
-0.067536,0.19317,-0.077196,0.24067,-0.078699,0.17894
0.036246,0.18925,0.015357,0.2354,0.043899,0.17637
-0.072645,0.18407,-0.12405,0.22831,-0.087109,0.17191
0.041246,0.18085,0.029723,0.22693,0.024239,0.17032
0.0024482,0.17612,0.0078635,0.22034,-0.0099019,0.16542
0.1671,0.17076,0.17345,0.21366,0.14263,0.16043
0.0012244,0.17872,-0.028641,0.21862,-0.050765,0.16582
-0.0022145,0.17328,0.00061413,0.21227,0.0083226,0.16207
-0.059077,0.168,-0.074193,0.20581,-0.051666,0.15717
0.095783,0.16462,0.089828,0.20176,0.04685,0.15379
0.048445,0.1642,0.028136,0.19894,0.030258,0.1503
-0.0080116,0.16039,-0.018662,0.19321,-0.0038408,0.14623
0.0052812,0.15554,0.015776,0.18747,0.079566,0.14178
-0.037413,0.15081,-0.032494,0.18187,0.0066968,0.14115
-0.035813,0.147,-0.022282,0.17682,-0.0023411,0.13688
-0.05265,0.14325,-0.042122,0.17167,-0.070427,0.13271
0.082268,0.14049,0.056658,0.1673,0.049665,0.13176
0.0013681,0.14019,0.005171,0.1638,0.013798,0.1293
0.025778,0.13592,0.015162,0.15882,0.0043443,0.12549
0.027889,0.13219,0.046068,0.15411,0.018743,0.12168
-0.0089063,0.12865,0.0004376,0.15056,0.0046187,0.11821
0.019726,0.12478,0.021776,0.14597,0.012542,0.11463
-0.011187,0.12124,-0.011586,0.1418,-0.012882,0.11125
0.068384,0.11764,0.16404,0.13756,0.08594,0.10798
-0.013201,0.11733,-0.024139,0.14885,-0.017611,0.11027
0.021735,0.11388,0.044655,0.14464,0.044673,0.10715
-0.004374,0.11076,-0.010683,0.14138,-0.013089,0.10543
-0.061653,0.1074,-0.075333,0.13714,-0.055977,0.10236
-0.00093411,0.10705,-0.0012407,0.13639,0.0031902,0.10177
0.016198,0.10379,0.018327,0.13223,0.010957,0.098676
-0.018248,0.10084,-0.030642,0.12842,-0.012719,0.095772
-0.00038135,0.098043,0.0083908,0.12511,-0.01285,0.092996
-0.029713,0.095057,-0.027726,0.12135,-0.022177,0.090311
0.069029,0.092935,0.1161,0.11818,0.047584,0.088015
-0.009447,0.094299,-0.02876,0.12376,-0.02108,0.087461
-0.043708,0.091505,-0.052668,0.12055,-0.039375,0.08522
-0.00023764,0.090448,0.0025536,0.11879,0.0045566,0.084134
0.03385,0.087693,0.055521,0.11517,0.019566,0.081591
0.042973,0.086108,0.013215,0.11388,0.019707,0.079497
0.016178,0.085262,0.022489,0.11054,0.010141,0.077483
0.0025177,0.082921,0.032639,0.10756,0.0071466,0.075234
0.014418,0.080401,0.0091756,0.10511,0.0089369,0.072999
0.014957,0.078168,-0.00047051,0.10197,0.0059425,0.070867
0.0014687,0.076026,0.006019,0.098866,0.084731,0.068749
0.11984,0.073712,0.089388,0.095885,0.053965,0.074889
-0.016322,0.086249,-0.044128,0.099696,-0.066682,0.075793
0.023537,0.08388,0.031376,0.098281,0.030034,0.078241
0.013872,0.081875,0.0051509,0.096122,0.021059,0.076817
-0.01019,0.079578,-0.020609,0.093216,-0.020302,0.074958
0.0017053,0.077263,-0.013167,0.090757,-0.0020576,0.073134
0.010094,0.074912,-0.006746,0.088152,-0.011483,0.070911
0.029084,0.072744,-0.013235,0.08551,-0.0058053,0.068906
0.071075,0.071494,0.039557,0.083076,0.017078,0.066848
-0.010999,0.074999,0.0033021,0.082107,0.0041482,0.065176
-0.025599,0.072849,-0.0065543,0.079617,-0.013395,0.063212
-0.091339,0.071379,-0.11507,0.077237,-0.09029,0.061524
-0.017817,0.078381,-0.014348,0.088075,-0.020968,0.069867
0.023289,0.076331,0.018121,0.085587,0.018244,0.068264
0.051522,0.074598,0.050877,0.0833,0.019258,0.066591
0.048814,0.075246,0.01868,0.083323,0.0081511,0.065027
-0.042555,0.075558,-0.036768,0.081135,-0.020984,0.063131
0.0052196,0.075236,0.02551,0.080046,0.0056199,0.061789
0.030843,0.072974,0.031788,0.078285,0.0060954,0.05995
0.0057571,0.071834,0.034941,0.076973,0.019295,0.058175
0.00025318,0.069685,-0.0050187,0.075944,-0.0056109,0.056936
-0.021407,0.067562,-0.01584,0.073658,-0.011441,0.055248
-0.04744,0.066069,-0.049833,0.071699,-0.03121,0.053763
0.01104,0.066847,0.035801,0.072356,0.024424,0.05362
0.0029045,0.064963,0.0073352,0.07162,-0.00745,0.05291
-0.046556,0.062995,-0.030772,0.069501,-0.017374,0.051386
0.013174,0.063891,0.014469,0.068515,0.0096549,0.05031
-0.0081031,0.062172,-0.016785,0.066683,-0.017133,0.048932
0.038411,0.060366,0.033897,0.065004,0.019815,0.047941
0.036861,0.060539,0.051221,0.064486,0.013743,0.047161
-0.0091356,0.060544,0.0037897,0.06584,-0.011265,0.046059
0.027305,0.058815,0.093673,0.063852,0.03892,0.044885
-0.024984,0.058075,-0.048052,0.072505,-0.016201,0.046257
0.071989,0.057199,0.067042,0.072913,0.03555,0.045321
-0.064749,0.062583,-0.040371,0.075677,-0.03625,0.046215
0.01323,0.066047,0.028919,0.075153,0.0044239,0.047128
0.014794,0.064257,0.0010113,0.073789,0.0064555,0.045727
-0.013881,0.062584,-0.013197,0.071542,-0.0043513,0.04441
-0.0012271,0.060934,0.0029363,0.069566,-0.0046656,0.043093
0.010836,0.05908,0.013287,0.067457,0.0015101,0.041822
0.0012941,0.057446,0.0046499,0.065621,0.0015815,0.040553
0.0024746,0.055699,-0.0056938,0.06365,-0.0086648,0.039323
0.0075659,0.054011,0.010291,0.061753,0.0045685,0.038284
-0.057156,0.052454,-0.065733,0.060015,-0.06493,0.037163
0.01692,0.055827,0.024684,0.063931,0.019593,0.044527
-0.00058729,0.054554,0.005943,0.062776,-0.004325,0.043886
-0.0093828,0.052893,-0.020271,0.060911,-0.0077407,0.042585
0.0067859,0.051421,-0.018041,0.059617,0.0075749,0.041405
0.0091973,0.049929,0.019328,0.058256,-0.0091941,0.04026
-0.0060752,0.04855,-0.0059382,0.057016,0.011103,0.039208
-0.0072426,0.047134,-0.0039865,0.055331,-0.012935,0.038276
-0.013243,0.045791,-0.021614,0.053669,-0.022063,0.037474
0.0047606,0.044716,0.0093599,0.052758,0.009113,0.037404
-0.0030812,0.043396,-0.0012414,0.051289,-0.01545,0.03645
0.03642,0.042092,0.057461,0.049729,0.019537,0.035884
-0.0019773,0.043368,0.0066121,0.053485,-0.0031327,0.03567
-0.033371,0.042054,-0.034883,0.051924,-0.02364,0.034607
-0.0052531,0.042933,-0.012067,0.052267,-0.0038169,0.034878
-0.011059,0.041679,-0.014165,0.050908,-0.0049093,0.03385
-0.012909,0.040654,-0.029644,0.049686,-0.032379,0.032879
0.010797,0.039757,0.010651,0.04963,0.0047441,0.034443
0.0051567,0.038791,0.012558,0.04831,0.0015015,0.033449
-0.0057681,0.037666,-0.0082721,0.04711,-0.011808,0.032435
0.0098368,0.036593,0.020981,0.045797,0.006269,0.031805
-0.011434,0.035699,-0.0074754,0.045199,0.0015132,0.030939
-0.0039654,0.034916,-0.017614,0.043925,-0.005136,0.030003
0.00496,0.03389,0.016226,0.043174,0.0093024,0.029163
-0.0064314,0.032919,-0.0061721,0.042367,-0.0054479,0.028522
0.03269,0.032021,0.059038,0.041151,0.063208,0.02774
-0.013227,0.033724,-0.010132,0.04645,-0.02025,0.037039
0.01885,0.033128,0.031272,0.04522,0.1023,0.036826
-0.016077,0.033004,-0.014924,0.045617,-0.0087439,0.054532
9.0516e-05,0.032648,-0.0083925,0.044634,-0.021208,0.052988
-0.0041536,0.031653,-0.0063559,0.043406,0.01273,0.052079
0.0039049,0.030735,0.011103,0.042162,-0.0032808,0.050752
-0.0035514,0.02984,-0.010492,0.041121,-0.0098369,0.049224
-4.3316e-05,0.028966,0.0025297,0.040092,0.0011777,0.047889
-0.0054651,0.028084,-0.0074711,0.038884,-0.0085775,0.046432
-0.0066149,0.027317,-0.020263,0.03782,-0.015661,0.04515
0.0020964,0.026619,-0.0037211,0.037565,0.0012,0.044227
0.00083531,0.025822,0.011578,0.036452,0.025711,0.042883
0.0029193,0.025037,0.012675,0.035648,-0.0010339,0.042847
-0.0023527,0.024303,-0.0098364,0.034937,-0.02065,0.041544
0.022727,0.023582,0.036846,0.034104,0.019912,0.041129
0.015923,0.024629,0.067745,0.036245,0.021645,0.040675
0.0058315,0.024725,0.046568,0.044496,0.020618,0.040389
-0.0046218,0.024087,0.016344,0.047044,-0.017147,0.04003
0.014596,0.023427,0.085231,0.046083,0.048092,0.03942
0.023293,0.023463,0.018208,0.056352,0.0041018,0.042851
0.10401,0.024608,0.037619,0.055125,0.039626,0.041578
-0.0071267,0.048221,-0.015221,0.055553,0.029102,0.043358
0.017049,0.04684,0.0048315,0.054209,0.054186,0.043642
0.00096761,0.04593,0.050244,0.052594,0.0058365,0.047613
0.018922,0.044532,0.032255,0.054863,0.057152,0.046222
0.037792,0.043844,0.10861,0.054756,0.1118,0.050384
-0.061912,0.045153,-0.038445,0.068799,-0.0085572,0.066447
0.017286,0.050385,0.041285,0.068478,0.076681,0.064515
-0.0036037,0.049344,0.0092257,0.068444,-0.030954,0.069763
0.04716,0.047863,0.029606,0.066463,0.0093342,0.068778
0.0027841,0.050145,-0.016644,0.065533,0.00089966,0.066789
-0.015252,0.04863,-0.039901,0.063889,-0.029823,0.064755
0.013065,0.047547,0.03743,0.063995,-0.0021811,0.063922
-0.0066844,0.046398,-0.0073033,0.063852,-0.018429,0.061981
0.017184,0.045065,0.012115,0.061977,0.020593,0.06055
-0.040161,0.044238,-0.039949,0.060287,-0.035265,0.059289
0.015169,0.045841,0.027588,0.060626,0.0016896,0.059212
0.017049,0.044863,0.092085,0.059821,0.044202,0.057413
-0.0012964,0.044035,0.019988,0.06885,0.0085728,0.058443
0.0081937,0.042697,-0.0092861,0.067237,-0.0023665,0.056768
0.0022817,0.041527,0.00099569,0.065296,0.012703,0.055047
0.029952,0.040273,-0.0098583,0.063308,0.036477,0.053615
-0.021709,0.040868,-0.013741,0.061507,-0.037087,0.054019
-0.019618,0.040577,-0.041458,0.05989,-0.044017,0.054463
0.010161,0.040127,0.024247,0.06042,0.0079854,0.055703
-0.024362,0.03912,-0.067838,0.059389,-0.041492,0.054102
0.0076768,0.039177,0.017094,0.063737,0.020677,0.055053
-0.0014544,0.03811,-0.011307,0.062178,-0.0040564,0.054022
0.0093645,0.036953,0.04193,0.060456,0.013328,0.052402
-0.035306,0.036026,-0.060975,0.061,-0.039812,0.051088
0.010696,0.037714,0.006399,0.064042,-0.00157,0.052065
-0.014463,0.036818,-0.0099689,0.062144,-0.047906,0.050482
0.019165,0.036169,0.034022,0.060385,0.028088,0.052613
-0.003092,0.035907,0.010171,0.060129,0.0089692,0.05225
0.017628,0.034835,0.068779,0.058441,0.030627,0.050787
-0.0026236,0.034513,0.015482,0.063074,-0.0044901,0.050763
0.024495,0.033478,0.092096,0.06147,0.048255,0.04925
-0.0476,0.033926,-0.080759,0.070204,-0.067262,0.051556
-0.10802,0.038075,-0.13188,0.075443,-0.11438,0.056859
0.025681,0.05707,0.0066396,0.090407,0.037034,0.071853
-0.0331,0.056291,-0.14672,0.087694,-0.073745,0.071244
0.010835,0.056182,0.052587,0.10355,0.012704,0.075193
0.0086405,0.054645,-0.0019511,0.10261,0.0059763,0.073082
-0.023224,0.053095,-0.043675,0.099487,-0.022639,0.070896
0.01088,0.052321,0.039232,0.098049,0.011991,0.069339
0.011724,0.050916,0.04726,0.096367,0.016232,0.0674
0.0036386,0.04959,0.017754,0.095352,-0.00097777,0.065673
0.0039587,0.048102,0.032784,0.092723,0.018416,0.063674
-0.011405,0.046664,-0.05744,0.090864,-0.024563,0.062178
0.034004,0.045475,0.0315,0.091085,0.018545,0.061091
0.010813,0.046169,-0.033501,0.089217,-0.010107,0.059699
0.016348,0.044974,0.0026636,0.087546,0.016258,0.058024
-0.0023641,0.044099,0.061508,0.084886,0.017387,0.056636
-0.00040234,0.042766,-0.012037,0.08595,-0.0059137,0.055356
0.013591,0.041463,0.0030649,0.083473,0.0040165,0.053722
-0.014168,0.040571,-0.038312,0.080939,-0.019954,0.052111
-0.044493,0.039747,-0.082159,0.079977,-0.061015,0.051159
0.0072569,0.042502,0.0079183,0.084311,0.0054945,0.055359
-0.030111,0.041311,-0.071954,0.081805,-0.051695,0.053718
0.049571,0.04185,0.085944,0.084445,0.049985,0.056092
-0.0040339,0.045224,0.0079976,0.088894,0.037016,0.057992
0.0048607,0.043876,0.007929,0.086246,0.0023297,0.05817
0.001857,0.042585,0.0066165,0.08368,0.0036366,0.056405
-0.0049405,0.041294,-0.0066581,0.081174,-0.0049495,0.054707
0.011822,0.040086,0.014024,0.078747,0.0044848,0.053078
-0.0056582,0.039155,0.00016378,0.076557,-0.0034113,0.051492
-0.015346,0.038031,-0.019043,0.074225,-0.016436,0.049943
-0.0035991,0.037387,-0.019146,0.072372,-0.017602,0.048872
-0.0018601,0.036277,0.0022741,0.07059,-0.0029805,0.047911
0.011194,0.03518,0.016562,0.068445,0.062247,0.046467
0.011129,0.034405,0.003266,0.066695,0.0095876,0.051562
-0.017021,0.033657,-0.038135,0.064676,-0.020276,0.05014
0.0053963,0.033345,0.0032164,0.064561,0.012855,0.049294
0.022636,0.032402,0.026923,0.062608,0.010283,0.048072
0.0077441,0.032712,0.01119,0.061662,0.0056038,0.046792
0.0057442,0.031868,-0.0053961,0.059953,-0.014163,0.045422
-0.015184,0.030984,-0.030158,0.058168,-0.022605,0.044407
0.0031727,0.030657,0.0071473,0.05769,0.0020275,0.044007
0.010968,0.02975,0.025053,0.056006,0.0053565,0.042674
0.022276,0.029181,0.0045424,0.05523,0.015318,0.04143
0.014735,0.029681,-0.028834,0.053579,-0.0097685,0.040639
0.073384,0.029383,0.060579,0.05323,0.032483,0.039597
0.011028,0.041058,0.053571,0.057089,0.020425,0.040561
-0.002653,0.040054,-0.0097295,0.059409,-0.0075359,0.040177
0.013558,0.038849,0.0065455,0.057733,0.0060707,0.039071
-0.005883,0.038059,-0.015244,0.056036,-0.012629,0.03796
0.0033765,0.036976,-0.030822,0.054675,-0.018032,0.037153
0.043328,0.035875,0.02534,0.054445,0.016791,0.036747
-0.028446,0.038917,-0.038726,0.053764,-0.028208,0.036264
0.012475,0.039434,-0.0049541,0.054412,-0.014627,0.03695
0.0080521,0.038562,-0.010162,0.052792,-0.012923,0.036306
0.017161,0.037527,0.0098007,0.051347,0.0023386,0.035583
-0.0031896,0.037035,0.024953,0.049939,0.00022104,0.034512
-0.013678,0.03593,-0.033874,0.049451,-0.018417,0.033461
0.029078,0.035269,0.011535,0.049849,0.01722,0.033279
0.013061,0.036146,0.036826,0.048553,-0.0071946,0.033003
0.097416,0.035437,0.029223,0.049357,0.03302,0.032129
-0.00089693,0.052163,0.093652,0.049281,0.050262,0.033872
-0.048176,0.050575,-0.042696,0.060882,-0.034895,0.038582
0.042616,0.052737,0.040132,0.061483,0.017307,0.039962
-0.0095582,0.053936,-0.020924,0.061764,-0.012646,0.039367
-0.0027047,0.052434,0.012344,0.060473,0.012535,0.038506
0.026488,0.050849,0.029106,0.058841,0.0092048,0.037673
0.035967,0.050442,-0.0042323,0.058242,-0.0053056,0.036713
0.0025443,0.051007,0.029119,0.056493,0.039567,0.035659
-0.015419,0.049463,-0.030976,0.056014,0.011812,0.038071
-0.0070292,0.048357,-0.027744,0.055724,0.0048329,0.037217
0.046564,0.04697,0.027288,0.05517,0.057217,0.036135
0.054102,0.049252,0.043439,0.054608,0.057465,0.041939
0.008948,0.052492,-0.0018253,0.055762,-0.027443,0.046791
0.00073462,0.05102,-0.016515,0.054068,0.031923,0.046693
0.044149,0.049467,0.077714,0.052842,0.076963,0.047063
0.0011227,0.051152,0.075075,0.060043,0.3344,0.055168
-0.014711,0.049596,0.015497,0.065603,-0.032471,0.14496
-0.00032019,0.048449,0.08644,0.06391,0.32481,0.14115
0.03968,0.046973,-0.0075165,0.07108,0.11977,0.18935
-0.019839,0.048267,-0.056565,0.068981,-0.085349,0.18982
-0.088205,0.047474,-0.09532,0.070656,-0.17583,0.18722
-0.0024648,0.058151,-0.0025233,0.078535,0.048072,0.19486
0.034978,0.056388,0.039288,0.076149,0.11212,0.18991
0.025636,0.056458,0.067402,0.075507,-0.031461,0.18958
0.076663,0.055704,0.065679,0.078081,0.091504,0.18425
-0.042831,0.062216,-0.045789,0.080195,-0.08055,0.1824
0.020951,0.06274,0.018603,0.07991,0.027311,0.17979
0.012643,0.061412,0.030217,0.077838,0.0025211,0.17466
-0.039099,0.059758,-0.079894,0.076442,-0.12504,0.16935
0.024013,0.060041,0.046737,0.080802,0.047586,0.17174
0.0099166,0.059011,0.008867,0.080572,0.058858,0.16761
-0.007966,0.057353,-0.016864,0.078199,-0.017769,0.16422
-0.046418,0.055698,-0.064584,0.076121,-0.085854,0.15938
0.012625,0.057148,0.033064,0.078255,0.043343,0.15835
-0.015695,0.05564,-0.024359,0.077031,-0.018393,0.15452
-0.011347,0.054314,-0.025115,0.075327,-0.047302,0.14999
0.040412,0.052858,0.040872,0.07373,-0.076174,0.14667
0.017854,0.053772,0.036432,0.073356,0.0099484,0.14547
0.0054319,0.052628,-0.0062127,0.07262,-0.027256,0.1411
0.0088162,0.051071,0.0056909,0.070452,-0.057906,0.13724
0.093052,0.049643,0.076455,0.068344,0.19111,0.13509
0.067782,0.061009,0.010456,0.073072,0.014056,0.15193
0.014488,0.065151,0.018407,0.070972,0.013098,0.14741
0.031141,0.063435,0.0068274,0.069208,-0.0087964,0.14302
-0.016582,0.062769,-0.032381,0.067156,-0.040711,0.13871
-0.029138,0.061223,-0.045634,0.066404,-0.072938,0.13548
0.042077,0.060508,0.040235,0.066955,-0.14214,0.1346
-0.023039,0.061065,-0.083983,0.066909,-0.5505,0.14251
0.021058,0.059928,0.046678,0.073165,0.26722,0.26132
0.038386,0.058718,0.023916,0.073387,-0.060173,0.27528
0.069389,0.058993,0.014934,0.071801,-0.076336,0.268
-0.006251,0.063663,0.071031,0.069873,-0.040417,0.26165
0.030458,0.061775,0.067618,0.073542,-0.13233,0.2542
0.010198,0.061137,0.0015361,0.076329,-0.11527,0.25215
0.052625,0.059417,0.027105,0.074006,-0.042216,0.24884
0.0055588,0.061385,-0.018552,0.072578,0.037153,0.24186
0.01276,0.059557,-0.010129,0.070763,0.077005,0.23497
0.08959,0.057971,0.058715,0.068728,-0.06881,0.22992
0.020175,0.066798,0.2307,0.070709,0.01874,0.22463
-0.025022,0.065271,0.064242,0.1155,0.046834,0.21792
0.06128,0.064081,0.055871,0.11493,-0.042848,0.21212
0.080022,0.066855,0.092915,0.11368,0.10119,0.20638
0.066871,0.072394,0.015263,0.1164,0.26187,0.2042
0.035593,0.075182,-0.001209,0.11302,-0.0085394,0.22434
-0.013401,0.074289,0.045416,0.10958,0.011339,0.21754
-0.0483,0.072228,-0.014808,0.10781,-0.026596,0.21096
-0.075514,0.072681,-0.14658,0.10469,-0.09701,0.20481
-0.047316,0.076755,-0.043793,0.11743,0.011077,0.20238
0.09534,0.07682,0.080354,0.11522,0.045037,0.19627
0.048922,0.083802,0.07471,0.1163,-0.033753,0.19115
-0.062166,0.083605,-0.039011,0.11671,-0.05222,0.18583
-0.017732,0.08484,0.051316,0.11424,-0.00077775,0.18139
-0.010751,0.082565,-0.0027319,0.11267,-0.010058,0.17586
0.023165,0.080167,0.021796,0.10925,0.026275,0.17056
-0.015414,0.078283,0.091172,0.10628,0.032969,0.1657
-0.014579,0.076152,0.0036079,0.10939,0.0074607,0.1612
-0.14253,0.074065,-0.209,0.10607,-0.097597,0.15632
0.068333,0.091947,0.097564,0.13292,0.014225,0.15657
-0.028835,0.0933,-0.0044755,0.13473,-0.0035915,0.15191
0.0068908,0.091201,0.12264,0.13064,0.0061908,0.14729
0.0023823,0.088466,-0.04949,0.13596,-0.016292,0.14283
0.0062664,0.085777,0.024349,0.13331,-0.00097413,0.13863
-0.067874,0.083202,-0.079629,0.12962,-0.064865,0.13441
0.039213,0.085177,0.035213,0.12971,0.020954,0.13291
0.080897,0.084079,0.063007,0.12655,0.092416,0.12913
-0.0013666,0.087793,-0.0046453,0.1253,0.44476,0.13062
-0.034289,0.08512,-0.045438,0.12149,0.11179,0.21943
0.012688,0.083675,0.040284,0.11921,-0.28154,0.21746
0.057168,0.081287,0.10143,0.11671,-0.006045,0.23941
0.053774,0.082108,0.091822,0.12031,0.063528,0.23213
-0.014679,0.082502,-0.04064,0.12237,0.12627,0.22651
0.032459,0.080207,0.074815,0.11977,0.0080268,0.22543
0.028983,0.078856,-0.024028,0.11997,-0.024634,0.21858
-0.0092766,0.07734,-0.038655,0.11671,-0.049337,0.21216
0.17182,0.075077,0.078824,0.11422,0.068747,0.20665
0.0061426,0.10045,0.012188,0.11521,0.052832,0.20226
-0.034203,0.097424,-0.013548,0.11181,0.064515,0.19725
0.064468,0.095456,0.022424,0.10854,0.041518,0.193
-0.0084785,0.096124,0.032939,0.10562,0.14816,0.18787
-0.0084417,0.093258,-0.016089,0.10326,0.032977,0.19168
0.033644,0.090481,-0.0049877,0.10032,-0.056921,0.18631
-0.015978,0.088766,-0.014111,0.097286,-0.079261,0.18209
0.025835,0.086302,0.00071696,0.094493,-0.052489,0.1794
0.058214,0.084318,0.037139,0.091615,0.027816,0.17522
-0.0090382,0.085048,0.04702,0.090076,-0.0058129,0.17025
0.078285,0.082537,0.011656,0.089363,0.062936,0.16508
0.0037752,0.086014,-0.020946,0.086768,-0.09136,0.16205
0.025352,0.083408,0.0083354,0.084547,0.058264,0.16137
-0.059663,0.08151,-0.082686,0.08204,0.041389,0.1582
-0.10459,0.082602,-0.12653,0.086235,-0.1884,0.15429
0.017881,0.090495,0.035271,0.097924,-0.003662,0.16774
-0.05397,0.088033,-0.097342,0.095999,-0.082372,0.16264
-0.016142,0.088078,-0.020311,0.101,-0.015362,0.16114
-0.0032705,0.085642,0.0095936,0.098264,0.022893,0.15635
-0.02301,0.083043,-0.030547,0.095349,-0.053617,0.15187
0.094901,0.081045,0.099828,0.09326,0.074939,0.14882
-0.025555,0.087386,-0.047174,0.098962,-0.023544,0.14741
0.043665,0.085347,0.054271,0.097811,0.030307,0.14324
-0.039906,0.084596,-0.021772,0.09732,0.077585,0.13941
0.0075114,0.08358,-0.0056187,0.094762,-0.060324,0.13873
-0.00030503,0.081091,0.076239,0.091903,0.015136,0.13668
0.04584,0.07862,0.040511,0.094249,0.0037791,0.13266
0.020103,0.078431,0.06274,0.092824,0.014312,0.12863
0.048157,0.076472,0.017998,0.093479,0.025827,0.12484
0.021374,0.076639,-0.037571,0.090921,-0.048098,0.12148
0.031573,0.074801,0.014911,0.089442,-0.022282,0.11937
-0.0082169,0.07363,-0.030068,0.086925,-0.026462,0.11608
0.06599,0.071464,0.082596,0.085143,0.041719,0.11304
-0.032203,0.074213,-0.037113,0.089005,-0.039498,0.11088
-0.058955,0.073112,-0.034484,0.087579,-0.010361,0.10868
0.015929,0.074759,0.0084862,0.08604,0.05566,0.10545
0.035724,0.072765,0.0090775,0.083489,0.020999,0.10467
-0.017339,0.072002,-0.022514,0.081028,0.0010621,0.10183
0.0083943,0.070157,0.019314,0.079082,-0.003703,0.098729
-0.00056588,0.068104,-0.0027488,0.077067,0.11196,0.095733
-0.013644,0.066029,-0.013562,0.074727,-0.013672,0.1032
-0.053457,0.064254,-0.055701,0.072656,0.056301,0.10021
0.0038401,0.065914,-0.0075276,0.073931,0.012025,0.099766
-0.036552,0.063925,-0.052111,0.071743,-0.12981,0.096848
-0.020485,0.063703,0.0012204,0.072657,0.056977,0.10748
0.064288,0.062312,0.0652,0.070446,0.091451,0.10671
0.015052,0.065732,0.0079856,0.073177,-0.029733,0.10982
-0.0004068,0.064017,-0.014754,0.071021,0.00056847,0.10715
0.031655,0.062067,0.073133,0.069114,0.030602,0.10388
